mof,alignn_uptake_2.5bar
qmof-78b934a,10.41757106781006
qmof-2b7dbda,10.339058876037598
qmof-3c1d573,9.599071502685549
qmof-23596df,9.555874824523926
qmof-d15583a,9.55542278289795
qmof-f911a4f,9.48144817352295
qmof-642a3e1,9.454769134521484
qmof-8bf6708,9.32945156097412
qmof-af2bbe9,9.326006889343262
qmof-a694bf7,9.260998725891112
